id,sync_state
56a5342fd39e0a6d276421d3b8187d69,SYNC-ERR
feeac1c7ffe45a136fb2dfea15dab753,TK-0000
85f135a9af8da832bacf88385238f3d7,TK-0000
4c0cf89b4988e29de97f65bc96135c64,TK-0000
8b6b6fac1920b23fe5694d3d93f9ebe6,TK-0000
51b3fca3d87160dbf6a1dd46a756885a,TK-0000
9090580ebb65dc39de46202344f3c0e5,TK-0000
a4395047221b1093a9274237c475974e,TK-0000
2d5309843f4708052a03d96826d11e83,TK-0000
816372e22e2f6049d2cccefce1fe174a,TK-0000
a5d23873689e0c1004a033ff12229bea,TK-0000
0a7ba6d63f59e6c4f9008d7b9c7f86c6,TK-0000
6b03a61ad67d4169aa5704a4ed258866,TK-0000
c63f4ff9c5b54e98b113c594f7e6b65c,TK-0000
d7025086f2d22904d668dc16f6cba3c4,TK-0000
2261dc243bed475397017472caa20999,TK-0000
a4a044d0212beafe29f07b3aaf8e428a,TK-0000
3e48a472ceb40cb59782821bb2c57e5c,TK-0000
93bea191d052eea67fd7195c141fe6cb,TK-0000
0ee414db590bb303bdb3f6c6adf08455,TK-0000
b0870803c4f81b39ab4aaa3b80214e57,TK-0000
61177795b27075df3f43037bae9ce5a7,TK-0000
fa865330bb588185febfda91a0b8024a,TK-0000
50c9fd9249a9bc878fd42a77d0e62dd7,TK-0000
1996bc6750d62b49d5df0b9ccfff8094,TK-0000
9419542260c1f52aa584b995c809aece,TK-0000
91b42944d3031724e9b2db9e2e65a854,TK-0000
8f9b00e684d8a852b7fe57409894596f,TK-0000
2b72b735123d2e6fa96a037ba760ab59,TK-0000
7c414caa42ea7709c171768b5e4e6667,TK-0000
632aea5989094ba8bfe06f9ca7a78f99,TK-0000
154177666c09e68b4bb23f64196e4b53,TK-0000
b9de0faf7d0a8f2ba28bfcc1e9265426,TK-0000
ea1d3a65bcb2d09c284135f7b7bd6e94,TK-0000
03f9f2f80c143cac36865b1d77771bfa,TK-0000
3a59eedce42be6feb57748b26508d739,TK-0000
fe36a9a47326140a0f2394b00b783995,TK-0000
469ae1334af0380f8dc369f44927f807,TK-0000
05448d993d6788ff910bb6f9a97789c1,TK-0000
70674b13971510a64ca8318c89cadddd,TK-0000
762d90db554cceb7251af9175a21d5e0,TK-0000
bc975e91cea5e7116dbd2da27b45474a,TK-0000
c05939503d43d9408da1bcde75993764,TK-0000
12a1fe4f5f3e002be48734dd8f91e943,TK-0000
1943c017f87d16d07a3120b2f2f02ef4,TK-0000
1371dc49fda30505e377091cb9f5d80f,TK-0000
f4fb2679844725ea56ed3ffb363033f6,TK-0000
f3892b1f50be05747b265e58dbd237e1,TK-0000
4ba972b5e93384f0c35f6c7107832644,TK-0000
c994e2e98268277a0ea5b703af6b9243,TK-0000
7aea725366e01ad7f053e347d8909b55,TK-0000
ed401c219a2481c588a8099e6f15cd37,TK-0000
7a71804967c6fff4f2d08f995b7a964a,TK-0000
6b7c896da40c85986a1a9f079bf00d07,TK-0000
e0dfff32c2daafb1e086447adca80d9d,TK-0000
a5367be63e632ca186417fa20e8d53ea,TK-0000
fd9869d5ce4464ecdf4a15d5c04b8e2a,TK-0000
6a13f589730694cf7976b964d08ff7c1,TK-0000
37d35e750c98e76e99ed9784e8bd9b8b,TK-0000
b024a1ff6633b7896c9a8377f4ca17dc,TK-0000
63b701f66c4fae0c44444ac291c4d287,TK-0000
daac57eb9c0a16f41758f684f315b750,TK-0000
bcace0ae3790fea57d6835b8c3b552e9,TK-0000
555e7e9e831f10038e0173ccef2f9e08,TK-0000
d4d458c78fc67796521879878e3c0db6,TK-0000
00caebc0d3254a26ca8c2d4f223e2e41,TK-0000
2df4a895c45bd19c0e9ecceff11e58f0,TK-0000
2392e361a8e183cfc103b07bd4813a92,TK-0000
499c925764ecac80f5e6f8d7beb3f635,TK-0000
3ea2396f0ca71599e6ab6a1f66df696a,TK-0000
2199bf1712faa1237667aa4ecc6e968b,TK-0000
bdde276c722d505f1d6f753420f6893a,TK-0000
aa411f1777fa7e0c4f495cf512ba6afe,TK-0000
0941fbf826320dafb86ae62681ecafe1,TK-0000
8b077ea1ac8bb282f806f8e932fb1e04,TK-0000
c0227ee54bdf17df8213d79da8610ba1,TK-0000
4f1fb9a2f74dddf0fc04ab56da4f1059,TK-0000
479e6942f7232703f34f1d47472ef9e8,TK-0000
bc14438491199c6df50b5d3593f23dbe,TK-0000
d400bea3fd86e6087e9314cbac6dcadc,TK-0000
dca837be10a66d9b292c1164f4218540,TK-0000
0adb9a15d6e2ed8d457dda78732edf2b,TK-0000
4e251850241eb71ef2ca00026dcc76ce,TK-0000
2f5803eceef227445fa86fffc95d99da,TK-0000
0b554cf98f899f170cc169dc5f6c4270,TK-0000
7282c47475960013089beca2036e69f1,TK-0000
53f928cb58a7dd1a3e97a8855ef0b2da,TK-0000
453f3a7025a3df7b817504e2d6a3d96a,TK-0000
923fe37f76076b5dc3d9974d19e13e3f,TK-0000
d53d4b6c74deb8c463c08b47aa268274,TK-0000
af160185132e54b60d4a467037015689,TK-0000
0f4a6cbd99cf039597cc7d0ef9401b4e,TK-0000
270a665bd468415a343830a42e38bbc6,TK-0000
91d17ba350fdb075537993002f165439,TK-0000
8d29e044e191a1e7ab1985067773f3ff,TK-0000
cc75a43bd2eb36d17aea4c596eb844de,TK-0000
c34d5f5a8d872f793cebc5bddd480de1,TK-0000
c5af5ed80515a1857124d98f14394ff0,TK-0000
b1b52c970b281ec2fe4746efaad9aa1d,TK-0000
94a3108ff9fe4c56b8c0d00328b9f982,TK-0000
81a99a386e45e84fe8f5986326d1a0cc,TK-0000
1bbf74403edc63d265fb51e438c848f2,TK-0000
1787381ff1cdeda8a8e258d4cdf38cbd,TK-0000
d21c1c2cd9efb3730e9121dcd76a076e,TK-0000
14aca05ccefebe1daf51224b4d10c5dd,TK-0000
03be8999ab0d3929896a3c16a2a7d96f,TK-0000
320a85af5e141f1fc7f9163d77e670cb,TK-0000
0b747ac5593104b141eb85ebcdf10a5f,TK-0000
138a1521db1696bc4edf18a3baf7c6d0,TK-0000
d0198164f0761bf7dd9db1dade52f1ce,TK-0000
c36855e0f81821dcea726abc7b200445,TK-0000
ea23d4d52e5c4defab024c591414ed4f,TK-0000
e7bf0f91ce8d94333ef4ed03190a753a,TK-0000
efaffe6f600ed9e35ea248146fef7d4d,TK-0000
52bfce43b0d8cf79e1eeef609d835155,TK-0000
4df3f1239bd8baa11d3bc617689df859,TK-0000
d291e34acee6ca2ca19a92e751437761,TK-0000
ebb933480a3b24233295f4a4c57a0198,TK-0000
939d21fa4386d8238d9b99cdb05acc48,TK-0000
be9f130c0f812b310d8f3d8838c1f03c,TK-0000
52ff8bfaca2e10850b8bc62212fcd703,TK-0000
fca171f539d1a7b130693c18d2c66417,TK-0000
9d7103b32a0c1dfbaa6e5a5d71c58214,TK-0000
60a53dbb106e0726748479b872128f28,TK-0000
616804e7f27a390643c310400fa34f45,TK-0000
aab344faeeb967ff29767ceca6d920bf,TK-0000
d5f7f54c563fea2db1240e58009a9f02,TK-0000
66377d05827a1b69213d1b87b4398e83,TK-0000
23690b89446dccd41228b11b9263318d,TK-0000
b27ed3d5c63ae299e9346a4c5af6374e,TK-0000
90b394133f6d3bad0576dc44e701bcbc,TK-0000
304dc91249795cecfae7bb1fb4833937,TK-0000
560726d06801c53930b1a43147ef981c,TK-0000
bc80a42e7c94767ac1eea19ca1926389,TK-0000
25a6a25f4661f31fefb1906b05d738a0,TK-0000
e5f22865de50407933b91e3924667d41,TK-0000
cc2b381ab3cb9b85dd7bb86b4ab5608b,TK-0000
5d4cacb343f640c7a4710b4c4442974d,TK-0000
afe0bfef8a3c9e40183605df4973bc2a,TK-0000
30587399164c4396a42214c721f6d60c,TK-0000
4576dd2b7b2eb8a1b04d96e28065699f,TK-0000
75247b4eac48948a5a73a6906a00add5,TK-0000
30e165c0bb14902ab693a2bdb33e499a,TK-0000
757c071ae6ba619dcff81356ca98df9b,TK-0000
e347a4f934c078c622663b646742a617,TK-0000
bd66b5ee2f4d96af2ef3bd23ba16b7d4,TK-0000
d2c9216f1f67a92ac88079370ac45c95,TK-0000
e2eecf659bc3817a195bcf78990e0689,TK-0000
bdd4d6b218a08cffcc57fc02ddb75153,TK-0000
8ba4254f0cd0ed19302e8a1637d3954b,TK-0000
4a4a47e5b0b65cfb21275a297a11a3f3,TK-0000
d142a04b71ef30e33c3189c53add5e8f,TK-0000
adbb1ceab194905d4b2e0d5e38b63af2,TK-0000
1be3415c75da03adb4b0d18a8ddf8ad7,TK-0000
901c1d1ef2c9dccacc355ab1180f20a4,TK-0000
5fe3a1d4d2dfb001fef71fad841fe539,TK-0000
4b9ec9b808b3c8c53256f402f79dcb39,TK-0000
59dcbd043a61a9d18483765f7fb59865,TK-0000
b9b4d027033a83aea8b7fb4be743106c,TK-0000
f30b5a4506345cf9277d09fdd88ed0a5,TK-0000
6c8f15b7a43af779598b2a717d3e4090,TK-0000
97a8257f1e3262cd6be50305a9389db1,TK-0000
d56950962785b5e8b1902ff4abe52d38,TK-0000
200bdb9710194bb1bbed8ded0f99d9eb,TK-0000
5cb96a1df32320cd1363acaa05c977ad,TK-0000
9223bb45452a77afd3121027945da5ad,TK-0000
4a44704e7f5babc2a28caa2d8b23916a,TK-0000
d37bfacb32a5c29972bd5f786ca81950,TK-0000
61c1a5fa49ce03e17beb1a8a7f1bc730,TK-0000
d11d80299a6037918ef8076efff0fde1,TK-0000
f2c09bfc42c6dc54dff4ab5d4e1af0c3,TK-0000
04b8c5a68a5fad5e8514327e78f1057e,TK-0000
fb4f0e23b1b4310c4f3d8eddd9b2c37a,TK-0000
abf95331f2d4075289b7bc26aa0efc37,TK-0000
58da39fdcfe915bbb1c5ecee76ba8dc0,TK-0000
f255e0b44637256952e1e75cd35eaecd,TK-0000
1347ecb77d58c49538d015ef978f2f08,TK-0000
763d1b6baf5181ec7c93b307a619b799,TK-0000
83598e6c1132ea618d6aaf1c94be5347,TK-0000
f1888424ad8cba4cd9c836279d906c96,TK-0000
d4a94fd07289f20dede4c7b034635924,TK-0000
f1636b063c0c7287d35e17539fb0a514,TK-0000
6311ab2e030df381f1560b2745f76806,TK-0000
93891fd23fe72e6129a167434faaa5b3,TK-0000
2392e427b0257a3c8089d285a49c99cc,TK-0000
26fa99b548c1ff177ed24e1307539cb1,TK-0000
00a2ad706306fa821a7c278f87330258,TK-0000
1a4300ff9822d39daf531d49afc81abf,TK-0000
c5cfcb40bbf846ce875859a4b1c7ef92,TK-0000
53e4f0a9dd4291a71c4beb9b44a30236,TK-0000
e875f28693854133fd09a32832f1b6f6,TK-0000
9e4fe5a05ebfc644da8bb2cf8318738a,TK-0000
3146e411440d1a9a04c8a312fc59db42,TK-0000
d90d05a7daccd551a8f861d5bcb10da3,TK-0000
5250411fa2a2309be5fe004ed167dcdb,TK-0000
b09cadcd7c164638c72087a6e744563f,TK-0000
003560dba0de2c88a4d6740b804ea90b,TK-0000
bf57e75523fa33ccca3d5ea112216078,TK-0000
f383ac863d9f03c94419018f962ab43c,TK-0000
b295ac5cf65ad7e31921fafb7ed8d32b,TK-0000
